<?xml version="1.0" encoding="utf-8" standalone="yes" ?>

<Resources>

  <!-- 图片定义 -->
  <Images>
    <Image id="IDB_MAINFRAME_BG" path="images/main/bg.jpg"/>
    <Image id="IDB_MAINFRAME_AERO" path="images/main/aero.png"/>

    <Image id="IDB_SYSBTN_CLOSE_NORMAL" path="images/sysbtn/btn_close_normal.png"/>
    <Image id="IDB_SYSBTN_CLOSE_HOT" path="images/sysbtn/btn_close_highlight.png"/>
    <Image id="IDB_SYSBTN_CLOSE_PUSHED" path="images/sysbtn/btn_close_down.png"/>
    
    <Image id="IDB_SYSBTN_MAX_NORMAL" path="images/sysbtn/btn_max_normal.png"/>
    <Image id="IDB_SYSBTN_MAX_HOT" path="images/sysbtn/btn_max_highlight.png"/>
    <Image id="IDB_SYSBTN_MAX_PUSHED" path="images/sysbtn/btn_max_down.png"/>
    
    <Image id="IDB_SYSBTN_RESTORE_NORMAL" path="images/sysbtn/btn_restore_normal.png"/>
    <Image id="IDB_SYSBTN_RESTORE_HOT" path="images/sysbtn/btn_restore_highlight.png"/>
    <Image id="IDB_SYSBTN_RESTORE_PUSHED" path="images/sysbtn/btn_restore_down.png"/>

    <Image id="IDB_SYSBTN_MINI_NORMAL" path="images/sysbtn/btn_mini_normal.png"/>
    <Image id="IDB_SYSBTN_MINI_HOT" path="images/sysbtn/btn_mini_highlight.png"/>
    <Image id="IDB_SYSBTN_MINI_PUSHED" path="images/sysbtn/btn_mini_down.png"/>
    
    <Image id="IDB_SYSBTN_MENU_NORMAL" path="images/sysbtn/btn_menu_normal.png"/>
    <Image id="IDB_SYSBTN_MENU_HOT" path="images/sysbtn/btn_menu_highlight.png"/>
    <Image id="IDB_SYSBTN_MENU_PUSHED" path="images/sysbtn/btn_menu_down.png"/>
    
    <Image id="IDB_BUTTON_ALL_PUSHED" path="images/button/allbtn_down.png" />
    <Image id="IDB_BUTTON_ALL_HOT" path="images/button/allbtn_highlight.png" />

    <Image id="IDB_ARROW_DOWN" path="images/button/arrow_down.png" />
    <Image id="IDB_ARROW_UP" path="images/button/arrow_up.png" />
    
    <Image id="IDB_BUTTON_NORMAL" path="images/button/btn_normal.png" />
    <Image id="IDB_BUTTON_HOT" path="images/button/btn_highlight.png" />
    <Image id="IDB_BUTTON_PUSHED" path="images/button/btn_down.png" />
    <Image id="IDB_BUTTON_FOCUSED" path="images/button/btn_focus.png" />
    <Image id="IDB_LBUTTON_NORMAL" path="images/button/leftbtn_normal.png" />
    <Image id="IDB_LBUTTON_HOT" path="images/button/leftbtn_highlight.png" />
    <Image id="IDB_LBUTTON_PUSHED" path="images/button/leftbtn_down.png" />
    <Image id="IDB_LBUTTON_FOCUSED" path="images/button/leftbtn_focus.png" />
    <Image id="IDB_RBUTTON_NORMAL" path="images/button/rightbtn_normal.png" />
    <Image id="IDB_RBUTTON_HOT" path="images/button/rightbtn_highlight.png" />
    <Image id="IDB_RBUTTON_PUSHED" path="images/button/rightbtn_down.png" />
    <Image id="IDB_RBUTTON_FOCUSED" path="images/button/rightbtn_focus.png" />
    
    <Image id="IDB_EDIT_PUSHED" path="images/edit/pushed.png" />
    <Image id="IDB_EDIT_HOT" path="images/edit/hot.png" />

    <!-- 状态图片 -->
    <Image id="IDB_MAIN_TAB_BG" path="images/maingroup/bg.png" />
    <Image id="IDB_MAIN_TAB_NORMAL" path="images/maingroup/main_tab_normal.png" />
    <Image id="IDB_MAIN_TAB_HOT" path="images/maingroup/main_tab_hot.png" />
    <Image id="IDB_MAIN_TAB_PUSHED" path="images/maingroup/main_tab_pushed.png" />
    
    <Image id="IDB_MAIN_TAB_CONTACTS" path="images/maingroup/icon_contacts_normal.png" />
    <Image id="IDB_MAIN_TAB_CONTACTS_SELECTED" path="images/maingroup/icon_contacts_selected.png" />
    <Image id="IDB_MAIN_TAB_GROUP" path="images/maingroup/icon_group_normal.png" />
    <Image id="IDB_MAIN_TAB_GROUP_SELECTED" path="images/maingroup/icon_group_selected.png" />
    <Image id="IDB_MAIN_TAB_LAST" path="images/maingroup/icon_last_normal.png" />
    <Image id="IDB_MAIN_TAB_LAST_SELECTED" path="images/maingroup/icon_last_selected.png" />

    <Image id="IDB_CHAT_COMBO" path="images/chat/combo.png" />
  </Images>
  

  <Xmls>
    <Xml id="IDX_MAINFRAME" path="main.xml"/>
    <Xml id="IDX_MENU" path="menu.xml"/>

  </Xmls>

  <Fonts>
    <Font id="font12" size="12" bold="false" />
    <Font id="font12u" size="12" underline="true" />
    <Font id="font12b" size="12" bold="true" />
    <Font id="font13" size="13" bold="false" />
    <Font id="font13b" size="13" bold="true" />
    <Font id="font14bu" size="14" underline="true" bold="true" />
    <Font id="font18" size="18" bold="false" />
  </Fonts>

  <Styles>
    <Style id="btn_style_menu" width="28" height="20" normalimage="res='IDB_SYSBTN_MENU_NORMAL' dest='0,-2,28,18'" hotimage="res='IDB_SYSBTN_MENU_HOT' dest='0,-2,28,18'" pushedimage="res='IDB_SYSBTN_MENU_PUSHED' dest='0,-2,28,18'"/>
    <Style id="btn_style_min" width="28" height="20" normalimage="res='IDB_SYSBTN_MINI_NORMAL' dest='0,-2,28,18'" hotimage="res='IDB_SYSBTN_MINI_HOT' dest='0,-2,28,18'" pushedimage="res='IDB_SYSBTN_MINI_PUSHED' dest='0,-2,28,18'"/>
    <Style id="btn_style_max" width="28" height="20" normalimage="res='IDB_SYSBTN_MAX_NORMAL' dest='0,-2,28,18'" hotimage="res='IDB_SYSBTN_MAX_HOT' dest='0,-2,28,18'" pushedimage="res='IDB_SYSBTN_MAX_PUSHED' dest='0,-2,28,18'" />
    <Style id="btn_style_restore" width="28" height="20" normalimage="res='IDB_SYSBTN_RESTORE_NORMAL' dest='0,-2,28,18'" hotimage="res='IDB_SYSBTN_RESTORE_HOT' dest='0,-2,28,18'" pushedimage="res='IDB_SYSBTN_RESTORE_PUSHED' dest='0,-2,28,18'" />
    <Style id="btn_style_close" width="39" height="20" normalimage="res='IDB_SYSBTN_CLOSE_NORMAL' dest='0,-2,39,18'" hotimage="res='IDB_SYSBTN_CLOSE_HOT' dest='0,-2,39,18'" pushedimage="res='IDB_SYSBTN_CLOSE_PUSHED' dest='0,-2,39,18'" />

    <Style id="button_style" glowsize="0" width="69" height="22" normalimage="res='IDB_BUTTON_NORMAL' corner='4,4,4,4'" hotimage="res='IDB_BUTTON_HOT' corner='4,4,4,4'" pushedimage="res='IDB_BUTTON_PUSHED' corner='4,4,4,4'" focusedimage="res='IDB_BUTTON_FOCUSED' corner='4,4,4,4'" selectedimage="res='IDB_BUTTON_PUSHED' corner='4,4,4,4'"/>
    <Style id="lbutton_style" glowsize="0" width="64" height="21" normalimage="res='IDB_LBUTTON_NORMAL' corner='4,4,4,4'" hotimage="res='IDB_LBUTTON_HOT' corner='4,4,4,4'" pushedimage="res='IDB_LBUTTON_PUSHED' corner='4,4,4,4'" focusedimage="res='IDB_LBUTTON_FOCUSED' corner='4,4,4,4'" selectedimage="res='IDB_LBUTTON_PUSHED' corner='4,4,4,4'"/>
    <Style id="rbutton_style" glowsize="0" width="20" height="21" normalimage="res='IDB_RBUTTON_NORMAL' corner='4,4,4,4'" hotimage="res='IDB_RBUTTON_HOT' corner='4,4,4,4'" pushedimage="res='IDB_RBUTTON_PUSHED' corner='4,4,4,4'" focusedimage="res='IDB_RBUTTON_FOCUSED' corner='4,4,4,4'" selectedimage="res='IDB_RBUTTON_PUSHED' corner='4,4,4,4'"/>
    <Style id="rbutton_arrowdown_style" style="rbutton_style" iconsize="9,4" iconalign="center,vcenter" iconimage="IDB_ARROW_DOWN"/>

    <Style id="edit_style" textcolor="#FF555555" glowsize="0" composited="true" normalimage="res='IDB_BUTTON_ALL_PUSHED' corner='4,4,4,4'" hotimage="res='IDB_BUTTON_ALL_PUSHED' corner='4,4,4,4'" pushedimage="res='IDB_BUTTON_ALL_PUSHED' corner='4,4,4,4'" focusedimage="res='IDB_BUTTON_ALL_PUSHED' corner='4,4,4,4'" />

    <Style id="allbtn_style" glowsize="0" width="22" height="22" hotimage="res='IDB_BUTTON_ALL_HOT' corner='4,4,4,4'" pushedimage="res='IDB_BUTTON_ALL_PUSHED' corner='4,4,4,4'" selectedimage="res='IDB_BUTTON_ALL_PUSHED' corner='4,4,4,4'"/>
    
    <Style id="maintab_style" height="34" option="true" textcolor="#FF333333" selectedtextcolor="#FF333333" textstyle="left,vcenter" textpadding="26,0,0,0" glowsize="0" iconsize="20,20" iconpadding="6,0,0,0" iconalign="left,vcenter" normalimage="res='IDB_MAIN_TAB_NORMAL' corner='6,6,6,6'" hotimage="res='IDB_MAIN_TAB_HOT' corner='6,6,6,6'" pushedimage="res='IDB_MAIN_TAB_PUSHED' corner='6,6,6,6'" selectedimage="res='IDB_MAIN_TAB_PUSHED' corner='6,6,6,6'" group="main_tab" />
    
    <Style id="list_style" header="hidden" itemglowsize="2" itembkimage="file='tree_normal.png' corner='2,1,2,1' " itemhotimage="file='tree_hot.png' corner='2,1,2,1' " itemselectedimage="file='tree_select.png' corner='2,1,2,1'" itemlinecolor="#FFE4EAF2" itemshowhtml="true" vscrollbar="true" hscrollbar="true" >
      <vscrollbarstyle>scrollsize="15"</vscrollbarstyle>
    </Style>

    <Style id="combo_style" glowsize="0" droplist="true" itemtextpadding="2,2,2,2" width="50" height="22" textstyle="vcenter left" textpadding="8,1,1,1">
      <normalimage>file='IDB_CHAT_COMBO' source='0,0,100,22' corner='2,2,20,2'</normalimage>
      <hotimage>file='IDB_CHAT_COMBO' source='0,22,100,44' corner='2,2,22,2'</hotimage>
      <pushedimage>file='IDB_CHAT_COMBO' source='0,44,100,66' corner='2,2,22,2'</pushedimage>
      
    </Style>

    <Style id="menu_arrow_style" iconsize="12,12" iconimage="menu_arrow.png" iconpadding="0,0,6,0" iconalign="right,vcenter"/>
  </Styles>
  
  
</Resources>
