<?xml version="1.0" encoding="utf-8"?>
<Window size="400,300" sizebox="0,0,0,0" roundcorner="5,5" caption="0,0,0,30" mininfo="400,300" bktrans="false">

  <Default name="VScrollBar" value="button1normalimage=&quot;file='scrollbar.bmp' source='0,90,16,106' mask='#FFFF00FF'&quot; button1hotimage=&quot;file='scrollbar.bmp' source='18,90,34,106' mask='#FFFF00FF'&quot; button1pushedimage=&quot;file='scrollbar.bmp' source='36,90,52,106' mask='#FFFF00FF'&quot; button1disabledimage=&quot;file='scrollbar.bmp' source='54,90,70,106' mask='#FFFF00FF'&quot; button2normalimage=&quot;file='scrollbar.bmp' source='0,108,16,124' mask='#FFFF00FF'&quot; button2hotimage=&quot;file='scrollbar.bmp' source='18,108,34,124' mask='#FFFF00FF'&quot; button2pushedimage=&quot;file='scrollbar.bmp' source='36,108,52,124' mask='#FFFF00FF'&quot; button2disabledimage=&quot;file='scrollbar.bmp' source='54,108,70,124' mask='#FFFF00FF'&quot; thumbnormalimage=&quot;file='scrollbar.bmp' source='0,126,16,142' corner='2,2,2,2' mask='#FFFF00FF'&quot; thumbhotimage=&quot;file='scrollbar.bmp' source='18,126,34,142' corner='2,2,2,2' mask='#FFFF00FF'&quot; thumbpushedimage=&quot;file='scrollbar.bmp' source='36,126,52,142' corner='2,2,2,2' mask='#FFFF00FF'&quot; thumbdisabledimage=&quot;file='scrollbar.bmp' source='54,126,70,142' corner='2,2,2,2' mask='#FFFF00FF'&quot; railnormalimage=&quot;file='scrollbar.bmp' source='0,144,16,160' corner='2,2,2,2' mask='#FFFF00FF'&quot; railhotimage=&quot;file='scrollbar.bmp' source='18,144,34,160' corner='2,2,2,2' mask='#FFFF00FF'&quot; railpushedimage=&quot;file='scrollbar.bmp' source='36,144,52,160' corner='2,2,2,2' mask='#FFFF00FF'&quot; raildisabledimage=&quot;file='scrollbar.bmp' source='54,144,70,160' corner='2,2,2,2' mask='#FFFF00FF'&quot; bknormalimage=&quot;file='scrollbar.bmp' source='0,162,16,178' corner='2,2,2,2' mask='#FFFF00FF'&quot; bkhotimage=&quot;file='scrollbar.bmp' source='18,162,34,178' corner='2,2,2,2' mask='#FFFF00FF'&quot; bkpushedimage=&quot;file='scrollbar.bmp' source='36,162,52,178' corner='2,2,2,2' mask='#FFFF00FF'&quot; bkdisabledimage=&quot;file='scrollbar.bmp' source='54,162,70,178' corner='2,2,2,2' mask='#FFFF00FF'&quot; " />
  <Default name="HScrollBar" value="button1normalimage=&quot;file='scrollbar.bmp' source='0,0,16,16' mask='#FFFF00FF'&quot; button1hotimage=&quot;file='scrollbar.bmp' source='18,0,34,16' mask='#FFFF00FF'&quot; button1pushedimage=&quot;file='scrollbar.bmp' source='36,0,52,16' mask='#FFFF00FF'&quot; button1disabledimage=&quot;file='scrollbar.bmp' source='54,0,70,16' mask='#FFFF00FF'&quot; button2normalimage=&quot;file='scrollbar.bmp' source='0,18,16,34' mask='#FFFF00FF'&quot; button2hotimage=&quot;file='scrollbar.bmp' source='18,18,34,34' mask='#FFFF00FF'&quot; button2pushedimage=&quot;file='scrollbar.bmp' source='36,18,52,34' mask='#FFFF00FF'&quot; button2disabledimage=&quot;file='scrollbar.bmp' source='54,18,70,34' mask='#FFFF00FF'&quot; thumbnormalimage=&quot;file='scrollbar.bmp' source='0,36,16,52' corner='2,2,2,2' mask='#FFFF00FF'&quot; thumbhotimage=&quot;file='scrollbar.bmp' source='18,36,34,52' corner='2,2,2,2' mask='#FFFF00FF'&quot; thumbpushedimage=&quot;file='scrollbar.bmp' source='36,36,52,52' corner='2,2,2,2' mask='#FFFF00FF'&quot; thumbdisabledimage=&quot;file='scrollbar.bmp' source='54,36,70,52' corner='2,2,2,2' mask='#FFFF00FF'&quot; railnormalimage=&quot;file='scrollbar.bmp' source='0,54,16,70' corner='2,2,2,2' mask='#FFFF00FF'&quot; railhotimage=&quot;file='scrollbar.bmp' source='18,54,34,70' corner='2,2,2,2' mask='#FFFF00FF'&quot; railpushedimage=&quot;file='scrollbar.bmp' source='36,54,52,70' corner='2,2,2,2' mask='#FFFF00FF'&quot; raildisabledimage=&quot;file='scrollbar.bmp' source='54,54,70,70' corner='2,2,2,2' mask='#FFFF00FF'&quot; bknormalimage=&quot;file='scrollbar.bmp' source='0,72,16,88' corner='2,2,2,2' mask='#FFFF00FF'&quot; bkhotimage=&quot;file='scrollbar.bmp' source='18,72,34,88' corner='2,2,2,2' mask='#FFFF00FF'&quot; bkpushedimage=&quot;file='scrollbar.bmp' source='36,72,52,88' corner='2,2,2,2' mask='#FFFF00FF'&quot; bkdisabledimage=&quot;file='scrollbar.bmp' source='54,72,70,88' corner='2,2,2,2' mask='#FFFF00FF'&quot; " />
  
  <VerticalLayout bkimage="res='IDB_MAINFRAME_BG' corner='6,97,6,29,'" borderround="5,5" inset="1,0,1,0">
    <Label name="title" height="30" text="消息提示" />
    <!-- 系统按钮 -->
    <HorizontalLayout name="syspanel" float="true" width="130" height="18" relativepadding="-1,0,0,-1" >
      <Control />
      <ExButton fade="true" name="minbtn" style="btn_style_min" />
      <ExButton fade="true" name="closebtn" style="btn_style_close" />
    </HorizontalLayout>
    
  </VerticalLayout>
</Window>