<?xml version="1.0" encoding="utf-8"?>
<Window size="537,484" mininfo="537,484" sizebox="4,4,4,4" caption="0,0,0,86" blur="true" shadow="true" shadowtrans="true" shadowborder="6,6,6,6" shadowimage="res='IDB_MAINFRAME_AERO' corner='8,8,8,8'">

  <VerticalLayout name="root" bkimage="res='IDB_MAINFRAME_BG' corner='1430,250,0,0' fade='200'">
    <HorizontalLayout height="85">
      <!-- 头像 -->
      <HorizontalLayout inset="6,6">
        <ExButton name="avatarbtn" width="61" height="61" cursor="hand" bkimage="res='IDB_AVATAR_BG'" foreimage="res='IDB_AVATAR_PIC' dest='1,1,60,60'" hotimage="res='IDB_AVATAR_HOT' corner='5,5,5,5'" pushedimage="res='IDB_AVATAR_HOT' corner='5,5,5,5'"/>
        <VerticalLayout>
          <ExButton name="nicknamebtn" height="22" autowidth="true" cursor="hand" text="duisharp" textcolor="#FF000000" textpadding="6,0,0,0" glowsize="6" font="font14bu"/>

          <HorizontalLayout>
            <ExButton name="levevaluebtn" height="7" width="10" bkimage="IDB_LEVEL" padding="4,9,0,0" glowsize="8" font="font13b"/>
            <ExButton name="levevaluebtn" height="7" width="30" bkimage="res='IDB_LEVEL_VALUE' source='6,0,18,7' dest='0,0,12,7'" padding="0,9,0,0" glowsize="8" font="font13b"/>
            <Edit name="myword" hint="请输入个性签名" text="个性签名" readonly="true" style="edit_style" width="0" height="19" textpadding="7,0,7,0" font="font12" composited="true" glowsize="6"/>
          </HorizontalLayout>
        </VerticalLayout>
      </HorizontalLayout>
      
      <Control />
      <!-- 系统按钮 -->
      <HorizontalLayout>
        <Control />
        <ExButton fade="true" name="menubtn" style="btn_style_menu" />
        <ExButton fade="true" name="minbtn" style="btn_style_min" />
        <ExButton fade="true" name="maxbtn" style="btn_style_max" />
        <ExButton fade="true" name="restorebtn" visible="false" style="btn_style_restore" />
        <ExButton fade="true" name="closebtn" style="btn_style_close" />
      </HorizontalLayout>

    </HorizontalLayout>

    <HorizontalLayout name="body">
      <VerticalLayout name="body.left">
        <HorizontalLayout>
          <VerticalLayout>
            <RichEdit name="wordedit" readonly="true" vscrollbar="true" autovscroll="true"/>
            <HorizontalLayout name="fontbar" visible="false" height="30" childpadding="3" bkimage="file='font_bk.bmp'" inset="4,4,4,4">
              <Combo name="font_type" style="chat_combo" width="100">
                <ListElement text="微软雅黑" selected="true" height="23"/>
                <ListElement text="宋体" height="23" />
                <ListElement text="黑体" height="23" />
                <ListElement text="幼圆" height="23" />
                <ListElement text="楷体" height="23" />
              </Combo>
              <Combo name="font_size" style="chat_combo">
                <ListElement text="9" selected="true" height="23" />
                <ListElement text="10" height="23" />
                <ListElement text="11" height="23" />
                <ListElement text="12" height="23" />
                <ListElement text="13" height="23" />
                <ListElement text="14" height="23" />
                <ListElement text="15" height="23" />
                <ListElement text="16" height="23" />
                <ListElement text="17" height="23" />
                <ListElement text="18" height="23" />
                <ListElement text="19" height="23" />
                <ListElement text="20" height="23" />
                <ListElement text="21" height="23" />
                <ListElement text="22" height="23" />
                <ListElement text="24" height="23" />
                <ListElement text="28" height="23" />
                <ListElement text="32" height="23" />
              </Combo>
              <Control width="5"/>
              <ExButton name="boldbtn" option="true" iconimage="images/chat/bold.png" style="chat_fontbtn"/>
              <ExButton name="italicbtn" option="true" iconimage="images/chat/italic.png" style="chat_fontbtn"/>
              <ExButton name="underlinebtn" option="true" iconimage="images/chat/underline.png" style="chat_fontbtn"/>
              <ExButton name="colorbtn" option="true" iconimage="images/chat/color.png" style="chat_fontbtn"/>
            </HorizontalLayout>
            <HorizontalLayout height="28" inset="6,3" childpadding="5">
              <ExButton name="fontbtn" option="true" style="chat_toolbtn" iconimage="images/chat/icon_font.png" />
              <ExButton name="emotionbtn" option="true" style="chat_toolbtn" iconimage="images/chat/icon_face.png" />
              <ExButton name="imagebtn" style="chat_toolbtn" iconimage="images/chat/icon_pic.png" />
              <ExButton name="shockbtn" style="chat_toolbtn" iconimage="images/chat/icon_shark.png" />
              <ExButton name="screenshotsbtn" style="chat_toolbtn" iconimage="images/chat/icon_screenshots.png" />
            </HorizontalLayout>

            <RichEdit name="inputedit" height="120" textpadding="6" wantreturn="false" vscrollbar="true" autovscroll="true"/>
          </VerticalLayout>
          
          <VerticalLayout width="8" bkcolor="#FAEEEEEE">
            <Control />
            <ExButton name="splitbtn" option="true" height="198" hotimage="IDB_CHAT_SPLIT_RIGHT" pushedimage="IDB_CHAT_SPLIT_RIGHT" selectedhotimage="IDB_CHAT_SPLIT_LEFT" selectedpushedimage="IDB_CHAT_SPLIT_LEFT"/>
            <Control />
          </VerticalLayout>
          
        </HorizontalLayout>
        
        <HorizontalLayout height="36" inset="7,7,7,7">
          <Label text="duisharp完整UI解决方案" textstyle="left,vcenter" glowsize="0" font="font12u" cursor="hand"/>
          <ExButton name="cancelbtn" keyboard="true" style="button_style" text="关闭(&C)" shortcut="C"/>
          <Control width="8"/>
          <ExButton name="sendbtn" style="lbutton_style" text="发送(&S)" shortcut="S"/>
          <ExButton name="menubtn" style="rbutton_arrowdown_style" padding="-1"/>
        </HorizontalLayout>
        
      </VerticalLayout>
      
      <VerticalLayout name="body.right" width="140" bkcolor="#FEFFFFFF">
        <Control height="226" bkimage="images/chat/female.gif"/>
        <Control bkcolor="#F0FFFFFF"/>
        <Control height="150" bkimage="images/chat/male.gif"/>
      </VerticalLayout>
    </HorizontalLayout>
  </VerticalLayout>
</Window>
