<?xml version="1.0" encoding="utf-8" standalone="yes" ?>

<Resources>

  <!-- 图片定义 -->
  <Images>
    <Image id="IDB_MAINFRAME_BG" path="images/main/bg.jpg"/>
    <Image id="IDB_MAINFRAME_AERO" path="images/main/aero.png"/>
    <Image id="IDB_MAINFRAME_NORMAL" path="images/main/normal.png"/>
    
    <Image id="IDB_LOGO" path="images/main/logo.png"/>

    <Image id="IDB_SYSBTN_CLOSE_NORMAL" path="images/sysbtn/btn_close_normal.png"/>
    <Image id="IDB_SYSBTN_CLOSE_HOT" path="images/sysbtn/btn_close_highlight.png"/>
    <Image id="IDB_SYSBTN_CLOSE_PUSHED" path="images/sysbtn/btn_close_down.png"/>
    
    <Image id="IDB_SYSBTN_MAX_NORMAL" path="images/sysbtn/btn_max_normal.png"/>
    <Image id="IDB_SYSBTN_MAX_HOT" path="images/sysbtn/btn_max_highlight.png"/>
    <Image id="IDB_SYSBTN_MAX_PUSHED" path="images/sysbtn/btn_max_down.png"/>
    
    <Image id="IDB_SYSBTN_RESTORE_NORMAL" path="images/sysbtn/btn_restore_normal.png"/>
    <Image id="IDB_SYSBTN_RESTORE_HOT" path="images/sysbtn/btn_restore_highlight.png"/>
    <Image id="IDB_SYSBTN_RESTORE_PUSHED" path="images/sysbtn/btn_restore_down.png"/>

    <Image id="IDB_SYSBTN_MINI_NORMAL" path="images/sysbtn/btn_mini_normal.png"/>
    <Image id="IDB_SYSBTN_MINI_HOT" path="images/sysbtn/btn_mini_highlight.png"/>
    <Image id="IDB_SYSBTN_MINI_PUSHED" path="images/sysbtn/btn_mini_down.png"/>
    
    <Image id="IDB_SYSBTN_SKIN_NORMAL" path="images/sysbtn/btn_skin_normal.png"/>
    <Image id="IDB_SYSBTN_SKIN_HOT" path="images/sysbtn/btn_skin_highlight.png"/>
    <Image id="IDB_SYSBTN_SKIN_PUSHED" path="images/sysbtn/btn_skin_down.png"/>
    
    <Image id="IDB_SYSBTN_MENU_NORMAL" path="images/sysbtn/btn_menu_normal.png"/>
    <Image id="IDB_SYSBTN_MENU_HOT" path="images/sysbtn/btn_menu_highlight.png"/>
    <Image id="IDB_SYSBTN_MENU_PUSHED" path="images/sysbtn/btn_menu_down.png"/>
    
    <Image id="IDB_MAINSEARCH_BG" path="images/search/main_search_bg.png"/>
    <Image id="IDB_MAINSEARCH_MENU" path="images/search/main_search_menu.png"/>
    
    <Image id="IDB_AVATAR_PIC" path="images/avatar/avatar.png"/>
    <Image id="IDB_AVATAR_BG" path="images/avatar/bg.png"/>
    <Image id="IDB_AVATAR_HOT" path="images/avatar/hot.png"/>
    <Image id="IDB_AVATAR_PUSHED" path="images/avatar/hot.png"/>

    <Image id="IDB_WEATHER_SUN" path="images/weather/sun.png"/>
    
    <Image id="IDB_MAINMENUBTN_NORMAL" path="images/mainmenu/menu_btn_normal.png" />
    <Image id="IDB_MAINMENUBTN_HOT" path="images/mainmenu/menu_btn_highlight.png" />

    <Image id="IDB_BUTTON_ALL_PUSHED" path="images/button/allbtn_down.png" />
    <Image id="IDB_BUTTON_ALL_HOT" path="images/button/allbtn_highlight.png" />

    <Image id="IDB_ARROW_DOWN" path="images/button/arrow_down.png" />
    <Image id="IDB_ARROW_UP" path="images/button/arrow_up.png" />

    <Image id="IDB_BUTTON_NORMAL" path="images/button/btn_normal.png" />
    <Image id="IDB_BUTTON_HOT" path="images/button/btn_highlight.png" />
    <Image id="IDB_BUTTON_PUSHED" path="images/button/btn_down.png" />
    <Image id="IDB_BUTTON_FOCUSED" path="images/button/btn_focus.png" />
    <Image id="IDB_LBUTTON_NORMAL" path="images/button/leftbtn_normal.png" />
    <Image id="IDB_LBUTTON_HOT" path="images/button/leftbtn_highlight.png" />
    <Image id="IDB_LBUTTON_PUSHED" path="images/button/leftbtn_down.png" />
    <Image id="IDB_LBUTTON_FOCUSED" path="images/button/leftbtn_focus.png" />
    <Image id="IDB_RBUTTON_NORMAL" path="images/button/rightbtn_normal.png" />
    <Image id="IDB_RBUTTON_HOT" path="images/button/rightbtn_highlight.png" />
    <Image id="IDB_RBUTTON_PUSHED" path="images/button/rightbtn_down.png" />
    <Image id="IDB_RBUTTON_FOCUSED" path="images/button/rightbtn_focus.png" />
    
    <Image id="IDB_EDIT_PUSHED" path="images/edit/pushed.png" />
    <Image id="IDB_EDIT_HOT" path="images/edit/hot.png" />

    <Image id="IDB_STATUSBTN_PUSHED" path="images/button/allbtn_down.png" />
    <Image id="IDB_STATUSBTN_HOT" path="images/button/allbtn_highlight.png" />
    <Image id="IDB_STATUSBTN_ARROW_DOWN" path="images/button/arrow_down.png" />
    
    <!-- 应用图标 -->
    <Image id="IDB_APPICON_MUSIC" path="images/app/music.png" />
    <Image id="IDB_APPICON_GAME" path="images/app/game.png" />
    <Image id="IDB_APPICON_TENPAY" path="images/app/tenpay.png" />
    <Image id="IDB_APPICON_MANAGER" path="images/app/manager.png" />
    
    <Image id="IDB_APPICON_TOOLS" path="images/app/tools.png" />
    <Image id="IDB_APPICON_MESSAGE" path="images/app/message.png" />
    <Image id="IDB_APPICON_FIND" path="images/app/find.png" />

    <Image id="IDB_WEBICON_ZONE" path="images/web/zone.png" />
    <Image id="IDB_WEBICON_WEIBO" path="images/web/weibo.png" />
    <Image id="IDB_WEBICON_EMAIL" path="images/web/email.png" />
    <Image id="IDB_WEBICON_XIAOYOU" path="images/web/xiaoyou.png" />
    <Image id="IDB_WEBICON_MSGMGR" path="images/web/msgmgr.png" />
    
    <!-- 状态图片 -->
    <Image id="IDB_GG_IMONLINE" path="images/status/gg/imonline.png" />
    <Image id="IDB_GG_INVISIBLE" path="images/status/gg/invisible.png" />
    <Image id="IDB_GG_QME" path="images/status/gg/qme.png" />
    <Image id="IDB_GG_BUSY" path="images/status/gg/busy.png" />
    <Image id="IDB_GG_MUTE" path="images/status/gg/mute.png" />
    <Image id="IDB_GG_AWAY" path="images/status/gg/away.png" />
    
    <!-- 状态图片 -->
    <Image id="IDB_LEVEL" path="images/level/lv.png" />
    <Image id="IDB_LEVEL_VALUE" path="images/level/levelvalue.png" />

    <Image id="IDB_MAIN_TAB_BG" path="images/maingroup/bg.png" />
    <Image id="IDB_MAIN_TAB_NORMAL" path="images/maingroup/main_tab_normal.png" />
    <Image id="IDB_MAIN_TAB_HOT" path="images/maingroup/main_tab_hot.png" />
    <Image id="IDB_MAIN_TAB_PUSHED" path="images/maingroup/main_tab_pushed.png" />
    
    <Image id="IDB_MAIN_TAB_CONTACTS" path="images/maingroup/icon_contacts_normal.png" />
    <Image id="IDB_MAIN_TAB_CONTACTS_SELECTED" path="images/maingroup/icon_contacts_selected.png" />
    <Image id="IDB_MAIN_TAB_GROUP" path="images/maingroup/icon_group_normal.png" />
    <Image id="IDB_MAIN_TAB_GROUP_SELECTED" path="images/maingroup/icon_group_selected.png" />
    <Image id="IDB_MAIN_TAB_LAST" path="images/maingroup/icon_last_normal.png" />
    <Image id="IDB_MAIN_TAB_LAST_SELECTED" path="images/maingroup/icon_last_selected.png" />

    <Image id="IDB_CHAT_SPLIT_LEFT" path="images/chat/split_btnright.png" />
    <Image id="IDB_CHAT_SPLIT_RIGHT" path="images/chat/split_btnleft.png" />

    <Image id="IDB_CHAT_COMBO" path="images/chat/combo.png" />

    <!-- 滚动条资源图片 -->
    <Image id="IDB_VSCROLLBAR" path="images/common/vscrollbar.png"/>
    <Image id="IDB_HSCROLLBAR" path="images/common/hscrollbar.png"/>
  </Images>
  

  <Xmls>
    <Xml id="IDX_MAINFRAME" path="main.xml"/>
    <Xml id="IDX_CHATFRAME" path="chat.xml"/>
    <Xml id="IDX_TIPFRAME" path="tip.xml"/>
    <Xml id="IDX_SKINFRAME" path="skin.xml"/>
    
  </Xmls>

  <Fonts>
    <Font id="font12" size="12" bold="false" />
    <Font id="font12u" size="12" underline="true" />
    <Font id="font12b" size="12" bold="true" />
    <Font id="font13" size="13" bold="false" />
    <Font id="font13b" size="13" bold="true" />
    <Font id="font14bu" size="14" underline="true" bold="true" />
    <Font id="font18" size="18" bold="false" />
  </Fonts>

  <Styles>
    <Style id="VScrollBar" width="8" showbutton1="false" showbutton2="false" thumbnormalimage="file='IDB_VSCROLLBAR' source='0,60,8,100' corner='0,4,0,4'" thumbhotimage="file='IDB_VSCROLLBAR' source='8,60,16,100' corner='0,4,0,4'" thumbpushedimage="file='IDB_VSCROLLBAR' source='16,60,24,100' corner='0,4,0,4'" railnormalimage="" railhotimage="" railpushedimage="" raildisabledimage="" bknormalimage="file='IDB_VSCROLLBAR' source='0,0,8,60' corner='0,4,0,4'" bkhotimage="" bkpushedimage="" bkdisabledimage="" />
    <Style id="HScrollBar" height="8" showbutton1="false" showbutton2="false" thumbnormalimage="file='IDB_HSCROLLBAR' source='0,0,32,8' corner='4,0,4,0'" thumbhotimage="file='IDB_HSCROLLBAR' source='0,8,32,16' corner='4,0,4,0'" thumbpushedimage="file='IDB_HSCROLLBAR' source='0,16,32,24' corner='4,0,4,0'" railnormalimage="" railhotimage="" railpushedimage="" raildisabledimage="" bknormalimage="file='IDB_HSCROLLBAR' source='0,0,32,8' corner='4,0,4,0'" bkhotimage="" bkpushedimage="" bkdisabledimage="" />

    <Style id="btn_style_menu" width="28" height="20" normalimage="res='IDB_SYSBTN_MENU_NORMAL' dest='0,-2,28,18'" hotimage="res='IDB_SYSBTN_MENU_HOT' dest='0,-2,28,18'" pushedimage="res='IDB_SYSBTN_MENU_PUSHED' dest='0,-2,28,18'"/>
    <Style id="btn_style_skin" width="28" height="20" normalimage="res='IDB_SYSBTN_SKIN_NORMAL' dest='0,-2,28,18'" hotimage="res='IDB_SYSBTN_SKIN_HOT' dest='0,-2,28,18'" pushedimage="res='IDB_SYSBTN_SKIN_PUSHED' dest='0,-2,28,18'"/>
    <Style id="btn_style_min" width="28" height="20" normalimage="res='IDB_SYSBTN_MINI_NORMAL' dest='0,-2,28,18'" hotimage="res='IDB_SYSBTN_MINI_HOT' dest='0,-2,28,18'" pushedimage="res='IDB_SYSBTN_MINI_PUSHED' dest='0,-2,28,18'"/>
    <Style id="btn_style_max" width="28" height="20" normalimage="res='IDB_SYSBTN_MAX_NORMAL' dest='0,-2,28,18'" hotimage="res='IDB_SYSBTN_MAX_HOT' dest='0,-2,28,18'" pushedimage="res='IDB_SYSBTN_MAX_PUSHED' dest='0,-2,28,18'" />
    <Style id="btn_style_restore" width="28" height="20" normalimage="res='IDB_SYSBTN_RESTORE_NORMAL' dest='0,-2,28,18'" hotimage="res='IDB_SYSBTN_RESTORE_HOT' dest='0,-2,28,18'" pushedimage="res='IDB_SYSBTN_RESTORE_PUSHED' dest='0,-2,28,18'" />
    <Style id="btn_style_close" width="39" height="20" normalimage="res='IDB_SYSBTN_CLOSE_NORMAL' dest='0,-2,39,18'" hotimage="res='IDB_SYSBTN_CLOSE_HOT' dest='0,-2,39,18'" pushedimage="res='IDB_SYSBTN_CLOSE_PUSHED' dest='0,-2,39,18'" />

    <Style id="button_style" glowsize="0" width="69" height="22" normalimage="res='IDB_BUTTON_NORMAL' corner='4,4,4,4'" hotimage="res='IDB_BUTTON_HOT' corner='4,4,4,4'" pushedimage="res='IDB_BUTTON_PUSHED' corner='4,4,4,4'" focusedimage="res='IDB_BUTTON_FOCUSED' corner='4,4,4,4'" selectedimage="res='IDB_BUTTON_PUSHED' corner='4,4,4,4'"/>
    <Style id="lbutton_style" glowsize="0" width="64" height="21" normalimage="res='IDB_LBUTTON_NORMAL' corner='4,4,4,4'" hotimage="res='IDB_LBUTTON_HOT' corner='4,4,4,4'" pushedimage="res='IDB_LBUTTON_PUSHED' corner='4,4,4,4'" focusedimage="res='IDB_LBUTTON_FOCUSED' corner='4,4,4,4'" selectedimage="res='IDB_LBUTTON_PUSHED' corner='4,4,4,4'"/>
    <Style id="rbutton_style" glowsize="0" width="20" height="21" normalimage="res='IDB_RBUTTON_NORMAL' corner='4,4,4,4'" hotimage="res='IDB_RBUTTON_HOT' corner='4,4,4,4'" pushedimage="res='IDB_RBUTTON_PUSHED' corner='4,4,4,4'" focusedimage="res='IDB_RBUTTON_FOCUSED' corner='4,4,4,4'" selectedimage="res='IDB_RBUTTON_PUSHED' corner='4,4,4,4'"/>
    <Style id="rbutton_arrowdown_style" style="rbutton_style" iconsize="9,4" iconalign="center,vcenter" iconimage="IDB_ARROW_DOWN"/>

    <Style id="edit_style" glowsize="0" hotimage="res='IDB_EDIT_HOT' corner='4,4,4,4'" pushedimage="res='IDB_EDIT_PUSHED' corner='4,4,4,4'" focusedimage="res='IDB_EDIT_PUSHED' corner='4,4,4,4'" />
    <Style id="allbtn_style" glowsize="0" width="22" height="22" hotimage="res='IDB_BUTTON_ALL_HOT' corner='4,4,4,4'" pushedimage="res='IDB_BUTTON_ALL_PUSHED' corner='4,4,4,4'" selectedimage="res='IDB_BUTTON_ALL_PUSHED' corner='4,4,4,4'"/>
    <Style id="statusbtn_style" glowsize="0" height="22" hotimage="res='IDB_STATUSBTN_HOT' corner='4,4,4,4'" pushedimage="res='IDB_STATUSBTN_PUSHED' corner='4,4,4,4'" arrowimage="res='IDB_STATUSBTN_ARROW_DOWN' dest='-12,8,-3,12'"/>
    
    <Style id="maintab_style" height="34" option="true" textcolor="#FFFFFFFF" iconsize="20,20" iconalign="center,vcenter" normalimage="res='IDB_MAIN_TAB_NORMAL' corner='6,6,6,6'" hotimage="res='IDB_MAIN_TAB_HOT' corner='6,6,6,6'" pushedimage="res='IDB_MAIN_TAB_PUSHED' corner='6,6,6,6'" selectedimage="res='IDB_MAIN_TAB_PUSHED' corner='6,6,6,6'" group="main_tab" />
    
    <Style id="toolbar_style" bkimage="res='IDB_TOOLBAR_BG' corner='0,2,0,2'" />

    <Style id="qqlist_style" header="hidden" itemglowsize="2" itembkimage="file='tree_normal.png' corner='2,1,2,1' " itemhotimage="file='tree_hot.png' corner='2,1,2,1' " itemselectedimage="file='tree_select.png' corner='2,1,2,1'" itemlinecolor="#FFE4EAF2" itemshowhtml="true" vscrollbar="true" hscrollbar="true" />

    <Style id="chat_fontbtn" style="allbtn_style" glowsize="0" height="22" width="22" iconsize="16,16" iconalign="center,vcenter" />
    <Style id="chat_toolbtn" style="allbtn_style" glowsize="0" height="22" width="24" iconsize="20,20" iconalign="center,vcenter" />

    <Style id="chat_combo" glowsize="0" droplist="true" itemtextpadding="2,2,2,2" width="50" height="22" textstyle="vcenter left" textpadding="8,1,1,1">
      <normalimage>file='IDB_CHAT_COMBO' source='0,0,100,22' corner='2,2,20,2'</normalimage>
      <hotimage>file='IDB_CHAT_COMBO' source='0,22,100,44' corner='2,2,22,2'</hotimage>
      <pushedimage>file='IDB_CHAT_COMBO' source='0,44,100,66' corner='2,2,22,2'</pushedimage>
      
    </Style>

    <Style id="skin_item_style" glowsize="0" height="40" width="40" hotimage="images/skin/skin_mouseover.png" pushedimage="images/skin/skin_mouseover.png"/>
    <Style id="skin_tab_style" glowsize="0" height="33" width="114" normalimage="images/skin/TABNormal.png" hotimage="images/skin/TABHover.png" pushedimage="images/skin/TABSelected.png" selectedimage="images/skin/TABSelected.png"/>
    
    <Style id="tree_check_style" glowsize="0" width="17" height="17" padding="0,10" fade="true">
      <normalimage>file='images/tree/unchecked.png'</normalimage>
      <hotimage>file='images/tree/unchecked_hot.png'</hotimage>
      <selectedimage>file='images/tree/checked.png'</selectedimage>
        <selectedhotimage>file='images/tree/checked_hot.png'</selectedhotimage>

    </Style>

    <Style id="tree_expand_style" glowsize="0" width="16" height="16" padding="0,10" fade="true">
      <normalimage>file='images/tree/unexpanded.png' source='0,0,16,16'</normalimage>
      <hotimage>file='images/tree/unexpanded.png' source='16,0,32,16'</hotimage>
      <selectedimage>file='images/tree/expanded.png' source='0,0,16,16'</selectedimage>
      <selectedhotimage>file='images/tree/expanded.png' source='16,0,32,16'</selectedhotimage>
  </Style>

    <Style id="tree_element_style" height="37" checkattr="style=&quot;tree_check_style&quot;" expandattr="style=&quot;tree_expand_style&quot;" childindent="16" />

  </Styles>
  
  
</Resources>
