<?xml version="1.0" encoding="utf-8"?>
<Window size="544,429" caption="0,0,0,429" blur="true" shadow="true" shadowtrans="true" shadowborder="6,6,6,6" shadowimage="res='IDB_MAIN_SHADOW' corner='8,8,8,8'">

  <Default name="VScrollBar" value="button1normalimage=&quot;file='scrollbar.png' source='0,90,16,106' mask='#FFFF00FF'&quot; button1hotimage=&quot;file='scrollbar.png' source='18,90,34,106' mask='#FFFF00FF'&quot; button1pushedimage=&quot;file='scrollbar.png' source='36,90,52,106' mask='#FFFF00FF'&quot; button1disabledimage=&quot;file='scrollbar.png' source='54,90,70,106' mask='#FFFF00FF'&quot; button2normalimage=&quot;file='scrollbar.png' source='0,108,16,124' mask='#FFFF00FF'&quot; button2hotimage=&quot;file='scrollbar.png' source='18,108,34,124' mask='#FFFF00FF'&quot; button2pushedimage=&quot;file='scrollbar.png' source='36,108,52,124' mask='#FFFF00FF'&quot; button2disabledimage=&quot;file='scrollbar.png' source='54,108,70,124' mask='#FFFF00FF'&quot; thumbnormalimage=&quot;file='scrollbar.png' source='0,126,16,142' corner='2,2,2,2' mask='#FFFF00FF'&quot; thumbhotimage=&quot;file='scrollbar.png' source='18,126,34,142' corner='2,2,2,2' mask='#FFFF00FF'&quot; thumbpushedimage=&quot;file='scrollbar.png' source='36,126,52,142' corner='2,2,2,2' mask='#FFFF00FF'&quot; thumbdisabledimage=&quot;file='scrollbar.png' source='54,126,70,142' corner='2,2,2,2' mask='#FFFF00FF'&quot; railnormalimage=&quot;file='scrollbar.png' source='0,144,16,160' corner='2,2,2,2' mask='#FFFF00FF'&quot; railhotimage=&quot;file='scrollbar.png' source='18,144,34,160' corner='2,2,2,2' mask='#FFFF00FF'&quot; railpushedimage=&quot;file='scrollbar.png' source='36,144,52,160' corner='2,2,2,2' mask='#FFFF00FF'&quot; raildisabledimage=&quot;file='scrollbar.png' source='54,144,70,160' corner='2,2,2,2' mask='#FFFF00FF'&quot; bknormalimage=&quot;file='scrollbar.png' source='0,162,16,178' corner='2,2,2,2' mask='#FFFF00FF'&quot; bkhotimage=&quot;file='scrollbar.png' source='18,162,34,178' corner='2,2,2,2' mask='#FFFF00FF'&quot; bkpushedimage=&quot;file='scrollbar.png' source='36,162,52,178' corner='2,2,2,2' mask='#FFFF00FF'&quot; bkdisabledimage=&quot;file='scrollbar.png' source='54,162,70,178' corner='2,2,2,2' mask='#FFFF00FF'&quot; " />
  <Default name="HScrollBar" value="button1normalimage=&quot;file='scrollbar.png' source='0,0,16,16' mask='#FFFF00FF'&quot; button1hotimage=&quot;file='scrollbar.png' source='18,0,34,16' mask='#FFFF00FF'&quot; button1pushedimage=&quot;file='scrollbar.png' source='36,0,52,16' mask='#FFFF00FF'&quot; button1disabledimage=&quot;file='scrollbar.png' source='54,0,70,16' mask='#FFFF00FF'&quot; button2normalimage=&quot;file='scrollbar.png' source='0,18,16,34' mask='#FFFF00FF'&quot; button2hotimage=&quot;file='scrollbar.png' source='18,18,34,34' mask='#FFFF00FF'&quot; button2pushedimage=&quot;file='scrollbar.png' source='36,18,52,34' mask='#FFFF00FF'&quot; button2disabledimage=&quot;file='scrollbar.png' source='54,18,70,34' mask='#FFFF00FF'&quot; thumbnormalimage=&quot;file='scrollbar.png' source='0,36,16,52' corner='2,2,2,2' mask='#FFFF00FF'&quot; thumbhotimage=&quot;file='scrollbar.png' source='18,36,34,52' corner='2,2,2,2' mask='#FFFF00FF'&quot; thumbpushedimage=&quot;file='scrollbar.png' source='36,36,52,52' corner='2,2,2,2' mask='#FFFF00FF'&quot; thumbdisabledimage=&quot;file='scrollbar.png' source='54,36,70,52' corner='2,2,2,2' mask='#FFFF00FF'&quot; railnormalimage=&quot;file='scrollbar.png' source='0,54,16,70' corner='2,2,2,2' mask='#FFFF00FF'&quot; railhotimage=&quot;file='scrollbar.png' source='18,54,34,70' corner='2,2,2,2' mask='#FFFF00FF'&quot; railpushedimage=&quot;file='scrollbar.png' source='36,54,52,70' corner='2,2,2,2' mask='#FFFF00FF'&quot; raildisabledimage=&quot;file='scrollbar.png' source='54,54,70,70' corner='2,2,2,2' mask='#FFFF00FF'&quot; bknormalimage=&quot;file='scrollbar.png' source='0,72,16,88' corner='2,2,2,2' mask='#FFFF00FF'&quot; bkhotimage=&quot;file='scrollbar.png' source='18,72,34,88' corner='2,2,2,2' mask='#FFFF00FF'&quot; bkpushedimage=&quot;file='scrollbar.png' source='36,72,52,88' corner='2,2,2,2' mask='#FFFF00FF'&quot; bkdisabledimage=&quot;file='scrollbar.png' source='54,72,70,88' corner='2,2,2,2' mask='#FFFF00FF'&quot; " />

  <VerticalLayout name="root" bkimage="res='IDB_MAINFRAME_BG' corner='1430,250,0,0' fade='200'">
    <!-- 系统按钮 -->
    <HorizontalLayout name="titlebar" height="33">
      <Control />
      <ExButton fade="true" name="closebtn" style="btn_style_close" />
    </HorizontalLayout>

    <VerticalLayout name="body">
      
      <HorizontalLayout name="skintab_group" height="33" inset="6,0,6,0" bkimage="res='images/skin/skintab_bg.png' corner='2,0,2,0'">
        <Button name="skintab" userdata="body.tab.skin" option="true" style="skin_tab_style" text="皮肤设置" group="skintab_group" selected="true"/>
        <Button name="skintab" userdata="body.tab.area" option="true" style="skin_tab_style" text="界面管理" group="skintab_group" />
      </HorizontalLayout>

      <TabLayout name="body.tab" inset="12,24,12,0">
        <HorizontalLayout name="body.tab.skin" >
          <VerticalLayout width="30" bkcolor="">
            <Label width="30" height="40" glowsize="0" textpadding="2,6,2,0" text="经 典" textstyle="wordbreak:true"/>
            <Label width="30" height="40" glowsize="0" textpadding="2,6,2,0" text="纯 色" textstyle="wordbreak:true"/>
          </VerticalLayout>
          
          <VerticalLayout >
            <TileLayout name="body.image" height="40" itemsize="40,40">
              <ExButton name="skin_image_btn" style="skin_item_style" bkimage="images/skin/1.45_1/preview.png" userdata="res='images/skin/1.45_1/main.jpg' xtiled='true' ytiled='true' corner='268,430,0,0'"/>
              <ExButton name="skin_image_btn" style="skin_item_style" bkimage="images/skin/1.45_2/preview.png" userdata="res='images/skin/1.45_2/main.jpg' xtiled='true' ytiled='true' corner='1080,775,0,0'"/>
              <ExButton name="skin_image_btn" style="skin_item_style" bkimage="images/skin/1.45_3/preview.png" userdata="res='images/skin/1.45_3/main.jpg' xtiled='true' ytiled='true' corner='1430,250,0,0'"/>
              <ExButton name="skin_image_btn" style="skin_item_style" bkimage="images/skin/1.45_4/preview.png" userdata="res='images/skin/1.45_4/main.jpg' xtiled='true' ytiled='true' corner='1600,260,0,0'"/>
              <ExButton name="skin_image_btn" style="skin_item_style" bkimage="images/skin/1.45_5/preview.png" userdata="res='images/skin/1.45_5/main.jpg' xtiled='true' ytiled='true' corner='430,400,0,0'"/>
              <!--<ExButton name="skin_image_btn" style="skin_item_style" bkimage="images/skin/1.45_6/preview.png" userdata="res='images/skin/1.45_6/main.jpg' corner='410,220,2,2'"/>-->
              <ExButton name="skin_image_btn" style="skin_item_style" bkimage="images/skin/1.45_7/preview.png" userdata="res='images/skin/1.45_7/main.jpg' xtiled='true' ytiled='true' corner='870,360,0,0'"/>
              <ExButton name="skin_image_btn" style="skin_item_style" bkimage="images/skin/1.45_8/preview.png" userdata="res='images/skin/1.45_8/main.jpg' xtiled='true' ytiled='true' corner='680,290,0,0'"/>
              <ExButton name="skin_image_btn" style="skin_item_style" bkimage="images/skin/1.45_9/preview.png" userdata="res='images/skin/1.45_9/main.jpg' xtiled='true' ytiled='true' corner='700,350,0,0'"/>
              <ExButton name="skin_image_btn" style="skin_item_style" bkimage="images/skin/1.45_10/preview.png" userdata="res='images/skin/1.45_10/main.jpg' xtiled='true' ytiled='true' corner='1600,260,0,0'"/>
              <ExButton name="skin_image_btn" style="skin_item_style" bkimage="images/skin/1.45_11/preview.png" userdata="res='images/skin/1.45_11/main.jpg' xtiled='true' ytiled='true' corner='1600,260,0,0'"/>
              <ExButton name="skin_image_btn" style="skin_item_style" bkimage="images/skin/1.45_12/preview.png" userdata="res='images/skin/1.45_12/main.jpg' xtiled='true' ytiled='true' corner='1160,160,0,0'"/>
            </TileLayout>

            <TileLayout name="body.color" height="40" itemsize="40,40">
              <ExButton name="skin_color_btn" style="skin_item_style" bkcolor="#F066BAEB" />
              <ExButton name="skin_color_btn" style="skin_item_style" bkcolor="#F076A8D0" />
              <ExButton name="skin_color_btn" style="skin_item_style" bkcolor="#F0A138D8" />
              <ExButton name="skin_color_btn" style="skin_item_style" bkcolor="#F06EC446" />
              <ExButton name="skin_color_btn" style="skin_item_style" bkcolor="#F0D08942" />
              <ExButton name="skin_color_btn" style="skin_item_style" bkcolor="#F0C55C3C" />
              <ExButton name="skin_color_btn" style="skin_item_style" bkcolor="#F0C13892" />
              <ExButton name="skin_color_btn" style="skin_item_style" bkcolor="#F0929292" />
            </TileLayout>
          </VerticalLayout>
          
        </HorizontalLayout>

        <HorizontalLayout name="body.tab.area">
          <VerticalLayout width="250" height="285" bkimage="images/skin/AreaMainPanel.png">
            
          </VerticalLayout>
          <Control />
          <VerticalLayout width="250" height="285" bkimage="images/skin/AreaMainPanel.png">

          </VerticalLayout>
        </HorizontalLayout>
      </TabLayout>
      
    </VerticalLayout>

    <HorizontalLayout name="statusbar" height="42" bkimage="res='images/skin/bottom.png' corner='2,0,2,0'">

    </HorizontalLayout>
    
  </VerticalLayout>
</Window>
